{"cameraMode":{"drawMode":0,"name":"Shaded","section":"Shading Mode"},"sceneLighting":true,"audioPlay":false,"sceneViewState":{"m_AlwaysRefresh":false,"showFog":true,"showSkybox":true,"showFlares":true,"showImageEffects":true,"showParticleSystems":true,"showVisualEffectGraphs":true,"m_FxEnabled":true},"in2DMode":false,"pivot":{"x":6.469325542449951,"y":-2.4577910900115969,"z":13.097246170043946},"rotation":{"x":0.21462304890155793,"y":-0.007331347558647394,"z":0.0016078458866104484,"w":0.9766780138015747},"size":17.24205207824707,"orthographic":false}